Product-Name,Product-Sale-Rate,Product-Price
Indigo Hýrka,,SEPETTE %30 ÝNDÝRÝM,37,09 TL
,,SEPETTE %30 ÝNDÝRÝM,37,09 TL
,,SEPETTE %30 ÝNDÝRÝM,37,09 TL
,,SEPETTE %30 ÝNDÝRÝM,37,09 TL
,,SEPETTE %30 ÝNDÝRÝM,37,09 TL
,,SEPETTE %30 ÝNDÝRÝM,37,09 TL
,,SEPETTE %30 ÝNDÝRÝM,37,09 TL
,,SEPETTE %30 ÝNDÝRÝM,37,09 TL
,,SEPETTE %30 ÝNDÝRÝM,37,09 TL
,,SEPETTE %30 ÝNDÝRÝM,37,09 TL
,,SEPETTE %30 ÝNDÝRÝM,37,09 TL
,,SEPETTE %30 ÝNDÝRÝM,37,09 TL
,,SEPETTE %30 ÝNDÝRÝM,37,09 TL
,,SEPETTE %30 ÝNDÝRÝM,37,09 TL
,,SEPETTE %30 ÝNDÝRÝM,37,09 TL
,,SEPETTE %30 ÝNDÝRÝM,37,09 TL
,,SEPETTE %30 ÝNDÝRÝM,37,09 TL
,,SEPETTE %30 ÝNDÝRÝM,37,09 TL
,,SEPETTE %30 ÝNDÝRÝM,37,09 TL
,,SEPETTE %30 ÝNDÝRÝM,37,09 TL
,,SEPETTE %30 ÝNDÝRÝM,37,09 TL
,,SEPETTE %30 ÝNDÝRÝM,37,09 TL
,,SEPETTE %30 ÝNDÝRÝM,37,09 TL
,,SEPETTE %30 ÝNDÝRÝM,37,09 TL
